{
    "0" : {
      "meter": 1,
      "m": 1,
      "centimeter": 0.01,
      "cm": 0.01,
      "millimeter": 0.001,
      "mm": 0.001,
      "kilometer": 1000,
      "km": 1000,
      "inch": 0.0254,
      "in": 0.0254,
      "foot": 0.3048,
      "ft": 0.3048,
      "yard": 0.9144,
      "yd": 0.9144,
      "mile": 1609.34,
      "mi": 1609.34
    },
    "1": {
      "kilogram": 1,
      "kg": 1,
      "gram": 0.001,
      "g": 0.001,
      "milligram": 0.000001,
      "mg": 0.000001,
      "ounce": 0.0283495,
      "oz": 0.0283495,
      "pound": 0.453592,
      "lb": 0.453592
    },
    "2": {
      "liter": 1,
      "L": 1,
      "milliliter": 0.001,
      "mL": 0.001,
      "cubic_meter": 1000,
      "m³": 1000,
      "cubic_centimeter": 0.001,
      "cm³": 0.001,
      "gallon": 3.78541,
      "gal": 3.78541,
      "quart": 0.946353,
      "qt": 0.946353,
      "pint": 0.473176,
      "pt": 0.473176,
      "cup": 0.24,
      "c": 0.24
    }
}